size_sqft,bedrooms,bathrooms,age_years,location_score,distance_to_city_miles,price
1748.3570765056163,2,2,40,5.554967993620758,7.57518110478181,317135.3210849241
1430.8678494144076,2,2,0,3.092962225288421,12.066746256148804,415673.06869106216
1823.8442690503462,3,1,4,1.7196885492337175,4.73661264800739,332149.82063907996
2261.514928204013,3,3,19,7.990512674245235,12.970072748714756,499076.94328721677
1382.923312638332,5,3,7,2.098315469119555,24.26827554561866,433341.34659782215
1382.9315215254096,5,1,42,6.348616755055972,14.893031829997184,421417.0656442666
2289.6064077536957,1,1,11,9.428042564952944,1.5220025794112346,350624.0041708622
1883.7173645764544,1,2,0,8.884946733382382,13.221877205798176,350746.06744586333
1265.262807032524,5,1,19,3.49977361374335,1.7880754666344807,406187.06779480533
1771.2800217929823,5,3,27,8.663037737961389,29.021058910497146,499663.73707330995
1268.291153593769,4,1,42,1.0029925550844045,4.6961648232632,222864.2733982397
1267.1351232148716,3,2,36,1.159190286519315,21.522961463587944,196564.98468754202
1620.981135783017,1,2,46,6.4229784745857845,29.21051336387049,204901.69187655157
543.359877671101,3,2,36,4.283183972300765,24.955132498330585,268190.9401868113
637.5410837434836,3,2,11,4.478147570432324,21.280145878659905,345431.57385822746
1218.8562353795137,5,2,36,6.0799698161099425,25.34436637552224,521690.8490650086
993.5844398327881,4,1,48,2.726042100326745,29.4721621045582,338895.0063092957
1657.1236662976369,2,1,48,2.905798155989305,19.01899042035236,263595.98404327326
1045.9879622393946,4,1,43,5.361414283169783,17.216359398050468,363187.5348134873
793.8481493323543,4,1,27,7.788281899094767,19.21890520343516,359545.2427505177
2232.824384460777,3,2,46,6.575479762668289,16.447600716085095,449460.2767706304
1387.1118497567322,4,3,14,3.67619543413155,19.417584071381846,533616.6848254232
1533.764102343962,1,1,5,4.873034597580291,14.045424031204218,300987.1485697379
787.6259068932716,3,3,43,2.5359828269499856,7.334852303615906,321129.409717223
1227.8086377374086,1,1,19,1.6716683290337353,4.487169568838594,138651.13871148275
1555.461294854933,2,1,49,8.044264366697343,2.9818871304355516,271916.2716426065
924.5032112888485,3,3,13,3.388486682693751,8.636157728842802,364244.9435301967
1687.849009172836,2,2,1,2.5998974906612338,2.3375833657362812,370942.36341463536
1199.6806550405975,3,1,8,7.224562500123874,17.44795261766218,343891.84101801086
1354.1531251033616,5,1,36,6.5624650685846735,9.231024963682088,552990.1427719851
1199.1466938853016,4,1,19,6.6987066341211765,24.911509434523932,396113.46466156724
2426.139092254469,5,3,25,3.0600514436195225,3.152985316663207,553225.4429538434
1493.2513876310331,2,2,28,3.093809847064129,7.564193335903092,299749.0345011936
971.1445355220499,4,3,0,2.9872236680707522,22.177138265614232,411017.0054382338
1911.2724560515944,3,3,34,2.5637733609606506,18.36544059512125,392608.5328190024
889.5781750144889,4,2,5,6.901513053054907,2.8702468662258585,359924.415663495
1604.4317975023778,1,3,36,8.632142967244611,26.43994425770381,396082.71482954646
520.1649380601123,4,2,4,7.518857227089951,26.440591121959205,457800.2321123588
835.9069755507848,1,1,32,8.128842703844889,10.581832112397441,284457.5446021787
1598.4306179345617,4,2,48,4.643185861766798,10.871769457137376,398890.6681896356
1869.2332899977052,1,1,13,6.886682158347983,29.68182239215504,347665.791991061
1585.6841405949854,2,3,11,4.188126164002971,19.159108976201008,326919.8501429795
1442.1758588058797,5,3,41,5.72954159771776,16.408179096473717,513397.49717975006
1349.4481522053557,3,1,19,5.334713618813761,25.30641332300581,344248.4915244331
760.7390048162863,4,3,49,2.5919843062946897,9.273419812362176,274659.9144817246
1140.0778958026458,5,2,23,4.483708843020677,13.44629520849435,475054.3615991224
1269.6806145201062,3,1,42,9.674400479341159,8.765523589161692,404490.99685752136
2028.561113109458,3,3,33,3.237222319434479,23.885664551073212,404559.2233351364
1671.8091447842307,1,1,24,2.2042336265153986,17.62713102342132,236536.41685915287
618.479922318633,2,2,49,4.767225594615418,20.105927034062045,123664.59852035451
1662.0419846973975,2,2,28,8.113039622741333,8.31691024534279,445742.0544262349
1307.4588597918419,5,3,38,6.23933406801975,7.386533739942138,436008.70385779324
1161.5389998470207,2,2,30,7.128773445144201,15.162864240505222,272651.3550174011
1805.838144420434,4,1,46,2.707253633572095,22.389406723691977,339918.99449345976
2015.4997612479756,2,2,42,6.570533737069494,16.231952968084645,415601.8434236783
1965.6400595580992,5,1,49,3.911503554203264,1.9467246488243894,490987.2662808176
1080.3912383886807,2,1,22,8.508730293592908,26.187993683288376,295240.85346421675
1345.3938120743928,4,2,43,6.663689254096625,2.8759199119388157,444269.4682196404
1665.631715701782,1,3,37,2.789706499977663,28.718910027901813,161236.93657549657
1987.7725635611796,5,2,19,1.5815501185967753,1.729116790040909,456805.39183855103
1260.412881077355,1,1,22,1.3836988835832946,21.139063227790555,126710.1861605143
1407.1705116680914,1,1,44,4.342677108851267,3.384004847641668,257083.84843992736
946.8325129969859,1,2,15,3.392660229888821,27.40962080361905,230896.2420898123
901.8966879596646,3,3,49,6.814811111162572,14.46856385054074,329175.9104080943
1906.2629111970991,3,3,41,5.494004514807564,4.988189469693446,440134.9225635986
2178.1200142854113,1,1,7,3.3941735020484263,10.883655293905552,402257.91246686823
1463.994939209833,5,1,49,2.343140001551585,5.7799155850560995,349257.6950338734
2001.7664489460121,4,3,20,2.1447978641870464,5.946875435155611,410698.3719955493
1680.818012523817,4,2,0,8.78194352926376,28.495141284971822,585675.5721261314
1177.4401226974378,2,1,7,3.1913017156438053,13.912137256258857,276793.35260839504
1680.697802754207,5,1,28,6.865395831198715,23.87526565325543,518859.035998435
2269.0182832329847,3,3,31,8.296173351876396,19.548561274152775,507557.6269579663
1482.0869804450242,1,2,37,6.526731800662625,20.616364507813376,219558.83436143375
2282.3218279070034,2,3,4,8.736087084822511,4.819109715689117,556595.4654014978
190.12744795512776,4,2,46,4.531543493756271,7.791348957649085,247703.30178127927
1910.951252187612,3,2,21,9.605999715840534,23.81575971947867,488616.475380611
1543.5235341190855,3,2,46,2.1983050376028723,29.152219987768706,357003.2336940537
1350.4963247670662,1,1,33,1.9193457669178429,8.617593635360901,114287.10147587833
1545.8803882677512,4,3,0,6.928229315866992,8.875494177780155,553931.917410799
506.21554269955357,5,3,25,9.485480272719355,14.71401685151624,427239.90700129565
1390.164056081244,3,2,42,8.279951154726952,29.531369072807696,230157.00520021812
1678.5562857558732,1,1,9,1.6877517349424629,8.799809428967661,243923.83571964543
2238.947022370758,5,1,29,3.5143094254124474,12.802185379393652,487358.3050888592
1240.8648908631762,4,3,49,9.372869963540413,26.852920453081698,461002.72323388007
1095.7531985534063,3,1,17,3.277525895207061,1.0847099460194982,292776.46090822987
1249.1214782077318,5,1,16,8.030533814082274,2.153212984668517,416766.92429114017
1957.701058851037,5,2,25,8.426189763358334,18.518078635065358,522523.2948376702
1664.3755548298423,5,1,7,5.4590689311488365,27.314024776672564,552857.5065078795
1235.1198981164807,3,2,46,4.47714018863484,7.926843151655902,258910.85302498325
1756.633716556678,3,3,39,5.051119891777836,14.619611465740562,477971.83505122014
1548.5387746740203,2,1,48,3.0426822492882772,14.06349374807673,272929.8320872186
1984.3224952664445,4,3,11,9.004518245159598,14.716169036769795,570894.8239504652
1148.9734530613239,1,3,26,5.055576910567821,19.05307117616261,223223.9696333522
1336.1689267011159,5,1,7,8.942134964104898,14.622569126729829,571521.9964614841
1303.9459234339213,2,1,24,1.9512413191564668,13.976576098351277,215641.0737777069
768.2425259339407,1,3,45,9.894477439001182,14.754364192506555,183204.54300090735
1648.060138532288,2,1,3,4.989457786992564,18.135155796860204,373628.55589241994
1630.5276360899447,3,2,32,1.430477383546949,16.573217162189394,334799.8795929187
1502.5567283212304,5,2,0,1.3421966341370943,25.769943931864624,511503.98854805366
1382.7064333124265,1,1,18,7.715865317336547,2.4354087513163316,313052.96430798934
792.3146289747929,1,3,30,6.931319807833127,25.16619507271736,210577.716089973
1289.6773386173204,1,1,15,8.219175023148289,25.473813765739997,340265.48742332304
1328.6427417366153,1,1,13,1.9483078055752536,9.262332624397864,275176.08026683464
1098.8613653891905,1,3,47,1.3201378033199351,14.422706695459668,172925.7950925188
1419.3571441669953,2,3,4,5.577213605028206,13.717616167585629,396892.3980511856
1702.0254284072691,5,2,40,4.488357083344926,7.336785196269778,394027.56273937575
2443.0929506052653,3,3,25,5.157522430038602,12.507108565503177,468788.7058282786
1587.2889064159194,3,2,27,9.924295679832467,2.2872453929547785,499344.5625440919
1628.7751953613822,3,3,1,9.736749619036031,9.056840110670299,510007.9086928734
1462.7770421169164,3,1,49,9.480838507058735,24.683783088070825,272964.6052598357
540.6143923504793,2,2,5,8.054584090909064,9.252306751124028,490421.78332756483
1486.7430622753916,4,2,8,4.193572242312014,24.72799339369918,357679.5985471858
1530.1151049705131,5,2,32,4.709178372364944,16.416384473528495,566070.3714307029
2731.621056242643,1,1,40,5.946544393470321,26.51601764347364,320473.0816529325
1403.8195176094387,4,1,24,8.47481010764356,17.668607073668042,427607.34634473885
1650.7736711668063,3,1,47,1.6184154926644099,1.8603784688774547,239879.30742838935
1482.6441151473784,4,1,12,4.818671972963993,20.587186018865587,445099.16332722676
915.660981190234,5,1,8,1.7435589711334183,2.300753472683491,307430.01855783694
2071.4114072575103,1,2,12,5.631918279161604,14.067313550510885,271536.1495509556
1875.966516343387,1,1,30,9.090107416056119,27.953374139720307,396503.46520439046
1895.5159735215234,5,2,40,8.042364321075441,5.790914240797655,494197.52798713744
1045.3062726026305,5,1,10,3.05058175788799,12.306298235304778,435287.4613702624
2201.3971554680497,3,3,3,9.783917646389131,22.165948956605874,524459.7274412252
799.0744686038596,1,2,33,7.006153582417856,26.58549812675058,237835.3046146323
1793.4285469001352,4,3,37,1.0938492945766276,20.45734713753273,475470.5719100527
2595.227812904989,2,2,45,3.2987213621669755,8.487024371543907,344160.50808070385
1004.7318374346557,2,3,3,3.3464196992792488,20.563627734570268,217433.79615878497
1216.851135198614,5,1,37,1.6232887565727394,9.60510159201861,426869.03894192906
1549.8256825438207,3,1,18,9.638438662683361,21.834447664743323,468036.9166061337
1248.2621729419004,2,1,5,5.3042976511833135,28.666960699966175,272045.15967340814
724.6682844669336,1,2,33,9.062331376346938,21.92041008208236,219583.78634638278
1534.2814874030137,5,3,17,3.899939531001655,26.02353458445996,436371.0973083819
968.8481431369476,4,1,12,2.127102133895444,1.0610114521006189,404743.1814921238
1736.7962153175908,5,3,40,5.269024989155925,21.80959161721624,464169.62436134944
1040.2878828830985,4,3,22,2.0256097124288543,25.05803914909226,284419.4679482767
2274.96720250877,5,1,18,5.374139526797859,2.176203388795761,560614.9038396728
1108.3733538318816,5,1,44,9.28267463097467,26.276334091358688,372800.45267752255
1338.9692418971622,5,3,10,5.686913276507914,8.44413262099133,479255.7619231882
1906.7586086848348,4,1,0,6.548497542055752,20.293470957363603,477104.8928538589
884.5678417830223,4,1,23,2.4097459327642747,24.21029149167879,288710.4474531061
1613.7299673020648,5,1,6,1.3936206329197254,20.21727087872131,361004.5475495437
2153.571377141214,2,2,24,1.9972716596182634,3.6762589701244597,422897.39989888703
696.2583827193862,3,3,20,6.386784181159291,18.29332404695068,380992.2625456667
1592.316929266152,3,3,14,1.855105290930742,16.937926044942166,363852.19670699764
1629.9413971242118,3,2,0,4.383936009471803,27.10931677415387,366476.6887654945
1890.9114358886552,4,3,11,5.950827464123404,12.722952159682066,529169.3307452013
881.524644560959,4,1,6,4.497875187668623,10.311351815524453,408280.99249338685
839.7716934578618,2,3,14,2.4731542131877133,22.74567216865752,297558.0117349283
1760.9707828084488,3,1,20,3.464121767626959,12.967584456418502,408016.53536138963
1648.492336616593,3,2,18,9.354857795637193,19.736789075146827,435416.43697205425
1625.2464251729382,5,1,28,7.083840480277198,19.7470526136136,326788.93814800435
1673.224104748488,4,3,24,5.464430548118979,26.753132866443416,526926.2957260024
1159.9876392107547,3,3,32,1.1144340098820416,18.362079667253823,281993.3872484347
1616.1268485805017,2,3,48,9.931738604405231,15.562454688897619,422334.61250881414
1646.5362366493407,2,2,31,7.043094414051789,5.027268465498993,446734.209142227
1142.824290986816,3,2,48,3.8523022961045044,4.356390593682455,403431.00460845075
2432.8872555723783,4,3,34,8.913417939980544,5.475325393209302,561023.5953566957
1736.9164604558937,2,1,43,3.325884582626363,5.983605958485741,268294.3041847813
904.3482513986756,5,2,37,5.896149212644764,19.498435687245383,463720.4506725659
1828.2768043169149,2,3,25,6.724636873568426,22.488456257962778,358994.82635110524
1012.6591648863393,1,3,10,2.989570343083556,16.369754164866144,220634.13778049973
1893.542301871226,1,2,34,9.805575509205363,25.04151424381924,323994.41965844005
2079.297789503702,4,2,7,7.733727153810978,29.746633575275364,538784.5370118584
1089.6588408241448,3,2,45,6.020319029599629,24.780366244461323,283484.11926744913
1981.688064622161,4,1,13,2.625351383577708,21.151588836602816,390707.72226646263
1706.3904634682492,4,1,9,1.4847238629822352,16.44228828367725,340179.7452275682
1911.0300799972451,4,3,1,3.880538492688851,14.01673907856654,563891.3627312552
2448.396491326974,4,2,45,7.778686023220625,3.447379035791728,594964.1114935208
1377.3059419985648,5,1,8,3.4239816847182256,12.581693703446037,514644.36547580466
1123.1319178212552,5,2,2,5.8560059844595465,27.393904466681892,454705.6992131126
1055.2427851872383,2,3,20,7.551524590576689,24.432656267290035,387050.724722948
1092.0948575172808,1,1,25,1.9714934318181792,7.265489585338929,173332.69278005062
1461.4491452929478,4,1,7,7.1676821450428605,14.53162575621926,426594.95351805224
1670.575987408322,2,1,47,1.8268379893904023,24.684972874197793,242486.10664290024
1638.3453996650096,1,3,1,9.686167679142969,2.954152088780153,413342.6503625905
1913.591624518012,3,2,5,5.395547170584456,12.23438498439112,441249.15488709253
1506.5009459389535,5,1,27,2.3560849693888963,25.703395869344483,317451.4881402028
2226.7670385786587,1,3,28,4.0814527243019185,12.713038060933588,331974.4017897998
1367.671583381022,3,2,25,4.720748043657353,3.250824697211785,377020.6147464799
2860.0845832948094,1,3,24,7.823665099688836,16.73349668743529,557076.662921253
1812.833673882503,5,2,11,7.6908140746894835,25.990532352630566,540980.2738458777
1071.4212217918587,5,3,4,6.507464548035979,18.11828074564163,466727.3522997373
964.5537509694439,2,2,33,1.9533764130264366,7.562094138212722,287062.37570083444
1741.2362076215927,4,1,47,2.3641243442890625,12.14294898398406,308214.9150883002
1388.2686073370746,1,2,36,1.8438122858100097,14.053577474276034,103011.38473953833
1857.000247046046,1,3,14,6.194555049587951,17.79872426079528,379474.3129444678
1736.6188122867725,3,3,43,8.894245973602636,23.02117974682578,421815.71742193226
1463.5855436715635,5,2,35,4.904204610292946,3.8673349115784266,571074.0707442306
1076.6031409657976,1,1,14,2.4476335656197157,26.799908957509423,193343.2103407267
742.5763876570677,5,1,42,6.022380926340703,1.3569813874661922,351919.25359060935
1276.7425239664894,1,2,47,8.305769951791389,11.731517705553403,210304.4235051862
1928.1993971617362,2,2,22,7.67540855361637,1.7951889892070718,438664.22109086043
1607.046872065102,4,3,5,8.933057017075193,12.396252535013446,635139.7874307144
877.130610644006,1,1,45,3.5011188752398104,16.24856536732639,129571.9879995344
1586.590462925591,5,2,49,2.745584805409974,15.83876021086384,353632.57355694764
1692.6586898644184,2,1,43,8.91834837347745,5.803222063819695,368178.1831123816
1058.0712818994334,1,2,42,6.918042815002208,19.726474792772756,213420.95087856293
1576.862552972764,3,2,44,3.7983603700679875,2.2985750646353784,356793.740949569
1529.1043592229998,4,1,20,7.681132455152583,23.095297783840046,417291.7574565377
928.5148510846884,1,2,22,8.336065460323312,28.45268858581284,236525.0147144451
1678.8936801741415,2,2,42,6.534804163070191,10.853295987382419,310169.1446044956
1780.3922631841172,3,3,15,7.190956988919236,15.999942069715626,527015.5466573527
2041.5256215876384,2,2,46,4.377339139983997,11.988398063705617,307412.9874327637
2026.9010260174514,2,2,14,5.848261006087352,1.1946013188177387,398232.87980552635
811.1653160214545,3,2,24,5.71743253653546,12.190360583958363,269584.3639881006
1031.0874800424385,2,3,35,8.632430120176947,23.95988751857905,351336.00237415737
1757.5176336043298,3,1,10,8.559675822539642,18.283676423320973,461448.3143817676
1756.8929754561045,1,3,14,8.49412422412339,3.936537523839609,388726.21215919015
1757.523843153024,3,3,3,1.0992845283621921,25.567045201119768,365205.6716617224
3426.365745327361,3,1,20,7.745909360219994,16.40147500167204,676232.4105957496
1785.4452553465835,4,3,12,7.828087510999044,25.409977490595608,442533.70795280644
2067.7828200902995,3,1,21,7.105409405696276,17.82642404476585,458191.5992097943
1977.0008817466012,3,3,18,7.806381921023073,17.230964900300258,566135.0295005064
1825.695625652899,1,1,33,8.577733343470378,4.052516370713359,151842.35827221719
1342.3653776798271,4,2,13,5.232871486916071,5.8534322610202105,480583.1808145125
1879.4846102466338,5,3,3,5.518451921396024,29.188732438401143,564523.7773323982
1113.587392731214,1,3,47,2.122426512202514,7.626115655888352,194371.76451443371
1381.5906966299956,1,3,45,4.468382947426257,29.346111421720668,209676.80422656826
1257.3182260854483,5,3,26,6.790286619206059,16.425468489203638,552930.3256897359
1540.9370696931612,3,2,28,8.02359798532547,4.937882364854177,441665.7614679119
2657.329283336754,2,3,46,2.954881879220895,3.8797638798570953,410762.3871188476
566.367403704126,4,2,27,2.2404060924331186,7.057058050466459,244242.74335851325
1843.1300951872568,2,2,34,6.96737804050443,27.843482570734736,447094.80924726685
693.6420644051742,5,2,7,1.0169189517241959,13.010356505518576,368104.1851975253
1264.0340671052832,1,2,15,2.6053532587659687,12.467593771794517,347506.40169324627
2044.475298483683,1,1,41,1.2616424230955836,10.082981571035047,307667.65388267674
1532.1400095477313,4,1,35,2.5019660606938383,5.264793666431063,256561.14983548064
961.127611035347,1,3,29,2.631873519329547,15.147684718579786,169695.8811347636
1142.348145370016,1,1,17,4.489062352753548,4.7713856928230225,170951.8138367347
1839.798874467338,4,1,1,4.6209441221790035,25.2289268550875,453654.8183499782
1134.8166841414318,4,3,48,8.868362235492139,11.741512601983889,438123.7903688494
1608.2292947909875,5,3,12,5.590987412489427,11.869303465672095,560314.7605954397
1522.7859199519069,1,3,3,7.510642890510576,14.746186426011521,436898.4827277868
1174.1998261970914,1,1,25,1.9372362212825869,13.879703681806797,237277.96072258463
2571.972044662663,5,1,24,3.0289487991732447,29.850881218720325,553154.9426970766
1816.9595111590056,3,3,29,7.326490968808091,16.816052515330774,428730.50242150377
487.42870667119644,3,2,10,1.475235644216753,3.55784940990625,218212.3626650927
1593.2271573847138,3,3,6,5.379378960193778,18.599442905730967,449552.0490298439
1169.106767615806,5,2,30,6.3943206909664045,5.395944493226518,478735.5189530832
1926.216667398112,1,2,43,6.419310796472329,1.8971916972089171,301854.5697038311
1103.7396307836498,5,3,9,1.2063953014123783,29.151522456640198,354044.12833029934
1442.6317792665504,5,3,38,3.8989720380626696,23.432627854502353,477418.10607193277
1752.4936394902286,3,3,12,6.728415859442387,29.42316077999924,443136.70262396423
1932.8775970850606,2,1,30,2.3409976253431912,14.85847499264503,262418.6123749067
899.8517964721119,1,2,6,7.258740834952479,16.435468403320307,277700.1900652735
1332.7493820795257,3,1,48,7.713326879323071,5.8817717216547765,315098.1238221358
1262.5273444195218,2,1,41,9.837722714015307,8.160315373359982,295333.2070032167
1173.335383713144,2,3,41,2.888577953707685,25.31792723218202,179338.0150980882
2382.7271201405483,4,1,35,8.426176008995036,11.329383766410231,507723.5950349872
1702.4908554804779,1,3,19,5.682669192267887,24.97763424009615,367659.1787873133
869.5580228324774,2,2,3,4.3611633652975605,21.561398004323923,298044.0550144517
1958.930973527388,3,3,6,2.1013908159266013,6.137956832884099,496682.07471378596
2561.0780985063166,4,1,0,7.619550458387838,15.715944617472521,548257.8709929764
2016.2326302755735,1,1,43,3.1227183922931836,20.64423232404279,157916.88263202223
740.3150170229933,5,3,44,4.342798016857412,7.816079229310928,371064.8937769497
1257.8829635668744,3,3,41,1.562880042076316,25.08996680508223,251429.69925531512
2133.455574593311,2,1,46,8.21230224237567,16.800002068810418,332213.3398657684
1146.1652671906097,2,2,12,7.89929671574479,5.792019462835493,373901.44389645365
1721.9097140731142,3,2,21,7.602542470380812,17.90654835877347,411168.5331490173
1887.3170267146684,2,3,20,3.69499159442698,29.991700320521506,301661.45180703036
1036.5347642109587,4,2,21,2.5613206683936154,5.365123258238993,326758.4267946612
1470.2373219690999,1,1,27,6.737979380232067,24.685950973466316,266410.44026996475
-120.63367003453618,4,3,8,5.465497457018975,7.011961092439181,370481.1638097377
987.8061793328551,2,1,25,2.6042722021417744,23.689261554342533,227226.57861523697
1373.7159243034198,5,1,8,7.173201439448773,22.302759770520982,507890.5089639481
876.1084090175752,1,2,14,9.920137886391734,9.714192182412539,300294.0437169587
2316.2056519658177,1,3,9,7.724976289678339,10.448870409369045,479292.04408034426
784.9293110196836,3,3,23,7.659877480170506,23.983120366924656,361291.19002768944
1279.9777566515081,3,2,41,9.552814776375325,14.381919844732067,390562.88435706054
1565.3702886430456,5,1,7,2.82642730817412,22.193722832642454,395773.37876097695
2220.6366445330577,1,1,23,6.0899496842929635,5.291540273609208,344315.1176321268
782.0689244102803,5,1,15,9.816820435304951,25.72417567514505,468668.33500802785
2081.58187607748,3,1,48,2.487646998731571,21.615656783787255,324913.6014769197
1505.1165305097936,3,3,25,7.302267635000689,27.301341456210185,358368.3748168146
1009.2456744760245,1,3,26,6.272291313747117,4.838798992014201,282983.17698196415
1731.0517371316355,4,2,36,6.278311829698363,18.19742051045733,364887.9517749861
1599.529847786735,2,2,3,7.279035647680677,18.37449696616943,413447.8548346405
1199.8915614206026,3,3,49,9.366552305881157,11.25036147585669,356170.21967428515
1534.9010424950095,3,3,23,8.043237458662041,14.295526312508477,539125.2869431953
1307.3432015691199,4,1,18,1.50522493074589,2.1014653354057504,351173.3952474891
1556.758672625624,4,1,35,8.6745521788814,22.629941120183346,463222.40981679625
1831.0653372605234,5,2,38,3.0298719693315936,16.930351902692045,551167.8932145482
2293.008408072676,5,3,9,4.392227482627348,2.6744905042060396,573639.6719880357
881.0922505865755,2,2,24,5.15559532251144,20.74192089585408,278484.9795457706
2566.5166873281332,2,3,17,5.328154006777627,14.536680239704449,418741.74813313095
523.9561002387491,1,1,18,4.916623593298211,1.999376523325,185390.43781251903
1424.1074524822084,5,2,35,9.43617964794278,29.118624078594767,583120.279211288
1794.1586032422883,3,2,9,7.354171068976221,28.524252149593774,421810.0134871889
1640.4959338675162,5,3,32,6.680535813610357,15.874170068268729,480085.74485790834
1188.6502400897032,3,1,49,1.4485782500464741,3.716500200471396,214318.48588326786
1395.9388748213623,4,2,4,9.135219972343371,22.884015426359163,608029.036045342
1253.4995326705837,5,1,46,9.184511728075567,15.266001903066142,474403.57328278845
1205.3176215278943,4,2,48,8.02191757087092,9.770976870392017,349843.8162426606
1924.8010485105124,2,1,34,1.0632628343225723,15.251127148328147,327930.9493416501
1678.5077429825237,2,3,43,1.5155222596986102,16.15088021675847,195679.57836031372
1153.545202369673,1,2,33,3.027013320416408,17.318639271647836,294269.03721170186
1949.7999377166254,5,2,32,2.18214467330416,13.79548769600447,502739.2101759785
1653.6497604383046,4,1,20,4.589524267333565,18.566903791032644,493818.8082631372
1906.43105941948,3,1,16,9.303607522790108,27.643306607584943,368164.0067570129
1814.814420961806,2,2,21,5.2485439077729845,11.505774525859144,375175.9177299005
1085.502494538964,2,3,47,1.1206236378894905,22.045777433378525,192619.38026057446
1219.9094799015152,3,1,36,3.544711206208858,26.939124147902735,205873.5182630496
1873.646802561631,4,1,14,1.4013541753566539,14.22339899703817,331360.4128769052
1805.1851327167324,4,1,34,1.3265886035215195,13.860219255075219,373911.18600739824
1489.549203017926,5,2,27,3.48147867785997,18.461392575288606,468602.2933000847
1558.663691654391,5,2,6,3.480511048110509,18.150796023252155,552921.9412001322
2138.8324478942122,1,2,31,8.084139423414436,24.391090927462034,333583.1925468342
1204.214305582085,2,2,10,9.773511875030007,14.818018129570488,385125.60004629765
1773.548690585019,5,3,9,4.340863845009984,29.887565539543793,465457.26494680333
1398.903673783053,4,3,8,4.859981909749347,2.7246754971511424,561104.7111271318
1391.15939838639,3,2,13,8.603104926574193,1.0918676088403503,454548.05051627365
2049.388425993595,4,3,12,3.4132511808596204,19.56575103522909,538701.28435803
1912.7081744940149,2,1,24,2.4074362396310316,9.654612458494425,337623.0183909231
1906.7548180003193,4,1,1,8.677806610632853,7.97108927228503,613826.8495523386
2152.7394035771645,1,1,34,1.4185052779605893,10.045073320124134,196936.47284362843
1510.5019208163794,2,2,6,6.577294961794741,8.425379388043675,424163.5671378743
1840.976485647482,3,1,20,6.057935627201261,1.8929114401529876,411823.33621716214
1344.866621703272,1,3,17,4.113284027515249,29.174458229327072,378295.31767076044
1662.083176244221,2,2,2,3.836705689876231,7.40161916513067,330639.07485763414
1434.9284728161576,3,3,41,7.946719535634592,22.286863115089883,456978.0945892384
1548.497982496359,1,1,38,1.7778214968629182,23.115295446131082,179918.91421786844
1797.5785127184568,1,1,40,3.1310587838024686,27.94846454220965,213668.07319697415
1090.8896583832638,2,1,48,7.592038586542808,1.8859342557080192,257784.64668313498
2546.19363784273,5,2,10,5.934885253537818,26.289401814963224,674686.5319142163
996.991309250149,1,3,38,2.1518938768022773,16.28955924435421,192880.5648863916
892.9056936061339,1,2,23,8.939220528538542,19.34377918900901,191814.3311936336
2079.055436750034,3,2,45,4.541030619072324,19.689638036509976,437306.5433601905
1895.831346981468,4,1,18,8.450815377899556,24.7741363445571,537381.3206286691
1812.0599085260776,2,2,3,8.08941713974938,10.668812342614205,475235.3198168766
1814.17275463214,2,2,25,6.619829018245552,22.25848450593981,312032.54474358016
1493.8766135765427,5,1,37,5.450330181655836,16.328765181943716,372158.08088948205
1051.3728142570842,5,2,41,9.815957563435813,24.008426414855084,362496.07420058514
1537.9022790968631,2,1,31,2.304685651418353,29.72583495033387,249651.1713896184
1161.4191442439442,5,1,38,7.526401547960033,6.818879504709075,358741.61573036737
1987.5598667088757,3,1,44,2.720716313183101,29.84481060523994,215784.37612028592
1426.4713092489308,2,1,45,4.044367947991136,3.604552474200446,303457.5536355619
1087.2514016037442,5,2,35,3.778288690358757,1.067208889239602,442741.2398496585
1339.3070791735033,2,1,39,9.523323889648507,2.2806961491571065,309841.28687137447
1706.465727137812,4,1,36,9.706205600094476,10.911689737366089,456625.6378149725
1218.1377235980126,1,2,32,2.6471389981125446,19.35428358967459,67799.36339261771
1088.8898022167843,2,2,35,1.1983164426775377,3.001856685747639,259699.1161290549
1621.8436057459562,1,3,2,7.480072356968018,1.164308621357451,374584.5640833242
1622.4832855543614,5,2,8,4.761909404834359,28.175639825305048,516015.8729593035
1246.5284123144352,1,2,7,1.7995622057880793,24.83587244225796,98382.28878643255
1264.4808471908386,2,3,32,7.153786950193383,24.4663119630319,384166.97861703
1616.0249686788181,4,2,5,5.905949754346297,26.648303989557338,435901.2007242328
775.9578292513379,5,2,40,9.824651398009955,21.30099391039103,364862.44679542445
796.2681128117224,2,2,38,3.0466854627524103,4.027719762694362,188319.29173534567
1140.777889373782,5,2,3,4.635800886938934,12.573905454137968,445221.13589055004
1393.2764241440764,3,3,12,5.882912230558806,21.971335107474257,475313.3714108088
1655.4537827990023,1,2,48,8.125299896080165,9.129699362954106,271275.4212400673
2237.678108474776,3,2,1,5.939547910480528,20.934784559950888,568057.096275403
1928.8298116010096,2,3,4,6.516101447757543,1.710454999761918,487421.1786661558
1420.0307350182864,4,1,43,3.035323464309467,9.877982885508203,366373.3369415811
1490.4918960486557,5,3,26,8.622268552797038,16.924779752038006,549350.1154833888
998.7353176810956,1,1,31,4.857674922734281,19.330605055681026,235010.99967043693
1490.743432003805,5,3,20,2.2686366476959234,17.734179269395415,407688.51413229015
1355.6706805399308,2,3,7,6.977691230548756,21.234932006129455,400678.72738081124
1661.3592801690447,5,2,37,2.9448140786677675,1.176573698955333,425309.77402639494
1086.3845282238385,1,1,7,1.8780625921536975,3.927294799348123,268713.5208807067
1759.6732571205862,2,2,49,8.75788217563845,26.199383316095208,418087.8952635114
2266.369456501289,5,1,2,5.141460380395957,20.770710678614677,559009.2036393095
1445.6199257715712,4,3,43,7.743553414261988,4.275017637894328,395864.72109840234
1700.8558610494706,2,3,2,3.6152880382571957,25.420158684558796,406249.6138338295
1845.0719958555562,2,1,21,8.082731214258997,8.02470531691244,302492.97573083977
1299.389764057082,4,2,5,2.007423343193773,14.869536641661481,476487.9298511088
1612.0462409052084,3,2,1,4.203760364153674,5.210698873655148,403391.82714736887
1506.2962003908974,1,2,22,9.802556361761757,21.59319163622949,340546.26565841184
1548.8380492744159,3,2,43,8.145907447312055,20.338778209413768,346686.08463737095
1113.4951080722667,5,3,1,5.475303372832194,7.122261663817949,479267.7204008506
1512.2550871294713,4,3,37,4.057997244056966,26.038622238853055,438921.4109623012
1748.9991456227249,3,3,16,8.849221300202288,12.637874702371652,495069.5255103691
2225.571803897521,2,3,34,5.903629831760641,9.482937641051512,425752.8171712689
1979.6354130426034,5,3,33,7.825825160822,5.417558094471528,533738.8066611768
2576.5912287557785,5,2,22,7.786969122845476,8.718872362950586,674547.7485301615
1116.3262185559752,3,2,29,1.1615111071164264,1.638780715490693,327305.99450369657
1936.160318360339,3,2,7,2.136284045133521,17.914467281227353,393299.40088783053
1591.671002869176,4,2,21,6.93666429755268,25.42469164397449,519188.4797728276
2594.901466608836,1,3,43,2.454578301572843,16.920433033807612,328182.18043944245
1095.8508573224242,3,3,35,3.2994401019004425,7.358944895792396,360705.5171793977
1080.139078909612,3,3,4,9.519741587796464,1.9764061682023089,399687.246498201
1200.303677277989,2,1,12,6.041640325374207,7.224214124505282,327102.3018082274
438.05213784509647,5,2,28,7.756565562994124,13.067521414061677,387512.10243501305
1237.1224891596194,1,2,30,6.021826649043759,23.028731432294098,248787.03851707405
1120.433669223151,2,3,46,5.972622533044527,6.447442723595449,298719.38247717894
1575.1968932381037,4,2,15,1.8473671911312812,21.873952147285898,399641.23615234287
1670.8779878885798,4,2,41,4.092968733481928,26.141070582204627,411126.29567700997
2438.085419607943,3,3,29,3.5418780881786054,14.164458595142355,436513.5731080321
1975.2119190930252,3,1,15,4.516555290522519,24.821527757635206,418901.95648628724
1211.5481721687984,4,1,11,8.185097694018955,17.085063093017773,496472.4636900417
1050.792664325821,3,1,16,4.347394011251784,19.475634275346245,228307.49207699645
1745.959585753253,1,3,15,5.065271373085144,16.26207534980788,305285.9489103283
839.883396489679,3,2,11,4.576432514367848,14.432008785788911,289276.0473036374
2415.7293829271766,5,3,7,1.8406717477776604,7.804949811499631,532775.774725335
2089.7200603606434,3,3,19,4.969649424257053,9.792627724370336,451989.23119369685
1265.4121739476477,2,2,2,2.7604834574006354,9.409133449364662,366195.2615764016
643.4327354545612,1,1,15,2.680509661957373,17.335378997660627,209594.88570277754
2176.9361870827065,2,1,29,1.8463249399083972,4.478657097692808,318218.5841965289
1442.730077373691,2,3,44,4.210038767275883,27.58695903036772,265624.8296737296
2118.908155986731,5,1,22,7.817336963104756,21.898999213210285,583398.0692860672
702.7861706028165,1,3,27,3.4879752152505645,12.641923296482615,77757.89727994848
1200.3124885231136,1,3,39,3.811141916969622,5.600100191264961,180839.35381043283
1502.6218498590915,1,2,4,6.784071919051812,26.57777292192744,211363.97051476315
1523.490296882371,1,2,19,2.76256731328227,24.889564612933793,187612.9889067653
1274.9672642603782,1,2,39,9.07262137381181,21.9299250287982,235305.24565931677
1811.4249661737495,5,3,43,5.68171470926399,8.874864374926029,585377.4467782927
966.1897853087028,3,2,0,5.028426462881953,12.670952485576398,231321.32468072372
1428.8102574893533,2,1,29,6.020381727362812,3.9796993211202776,280371.9223265405
1560.1478158559494,1,1,20,2.494308820745759,6.482146217098419,257925.59128858827
1757.2194170293744,3,3,19,6.521258247752587,23.707482482185252,472369.86610049574
1855.807439044445,3,3,5,4.2679066297060935,21.73612284666983,530950.1271801108
937.6789540810654,2,2,21,9.07467706868157,18.211087126302107,337729.5382418574
732.9429146321888,5,3,17,2.5196878600991752,26.976075051859013,408827.44333690475
2138.8384109492545,4,3,7,5.56345993478897,17.914729016578317,463495.6695100541
1666.1570059897958,4,1,38,6.383013664321162,14.54207199894471,352405.39065601194
1125.756731721723,3,1,31,1.3004524160774311,10.870751642867118,150076.47059806547
2275.5759877612613,2,2,32,4.273238122805262,28.273006666349005,388013.56934756105
1557.8373171464293,4,3,15,7.593717112307496,3.398748384206251,543725.2626029116
2089.6485920319133,3,3,11,8.38339756704076,27.995733789763445,540396.9872832152
1533.7592407050545,5,1,37,3.818457953355541,24.97472513799953,347606.3878099353
2530.3739624409936,4,3,33,8.18733945144476,4.767967811535337,546432.0312384022
2377.6704212216023,3,1,13,9.7098028939305,17.384546372582353,530501.8857733561
1375.5179257604632,3,2,35,8.711865424675846,26.129891470723518,348630.5798369037
1985.7854754771777,1,1,32,2.0587958934339268,17.582465744607457,176857.7920130074
1822.6879747925736,5,3,22,7.657572988769866,27.308794825258047,540404.1289226438
2184.3157787661744,1,2,49,3.8770014919649025,28.346530687665233,227202.96776666035
1017.5382697099478,2,1,44,9.895743904708688,13.249151143344871,235604.68566685752
1843.0257299992197,1,1,1,5.3682308484389845,11.942096180783384,269595.54870784323
2029.212243424794,1,2,40,2.1019050852304693,28.153313465105548,258730.97557277622
620.6302567884428,4,2,20,7.5266699322465165,20.579061773340374,452186.48486305453
908.3707436671125,3,1,1,3.9071007854759245,4.364657759096909,321128.7183588206
480.38391111994974,5,3,26,9.973703413734956,2.226460727457755,494539.18843905797
1365.2965827777211,1,1,8,9.818042120690697,17.374242478920632,357244.9402392971
1858.7711278979812,5,2,0,6.905206162185226,27.974957997714313,589808.5350845184
2251.178526048014,1,1,10,2.168438040565458,25.483212369768733,249815.59442766564
1537.0473902098877,2,2,2,7.1817489790752616,20.599584647465758,482823.69961478125
2314.307772785646,1,2,22,1.8372743781402447,5.034359617841538,282090.0076489287
809.9492708925543,4,3,25,1.2642774319215309,8.372710128712171,363990.79667238664
648.3087803224226,3,2,3,8.406626015993375,26.38982557002587,395050.0080692626
1472.2261505516906,2,2,17,2.887776529153132,6.301409863050114,212315.77602268412
1692.0327244696537,1,3,5,4.411244135971876,9.074742839262603,338354.8708016349
1483.6526259529535,5,2,34,9.761116509785559,4.758418884667817,534855.0139480194
466.2789499800617,2,3,21,4.031564516749929,20.60713871101792,241151.78460945148
1455.4399802436058,2,3,42,3.6684080315498373,28.37548685553308,293265.6574179134
847.7652497475734,1,2,14,9.263871996604976,8.800072916266192,334817.6756545646
1834.8362744150193,2,2,21,1.996736007870623,14.786791627652137,316272.1077183703
1683.299123048424,5,1,36,7.836241691031686,19.395852451624926,492208.56361958996
1030.0601068363223,2,3,41,9.892590099874965,29.98452119825329,327162.6116448843
1243.0665413316533,5,1,11,9.11166409697184,4.039433884929592,464075.49886507465
970.3932390555242,1,2,46,6.865011268357834,15.458553185665565,204176.01181373803
1468.660451363414,3,1,48,3.826547154934588,12.1684834771725,313550.26119584125
1977.5711602506192,2,3,41,3.2888978306048506,26.1087847914483,384421.2178164546
1007.1369768322281,3,1,37,8.37329594384315,14.80306419933802,344375.85551874223
1752.0232577589222,5,3,17,8.918397225565258,4.218348212969294,677477.4522438669
1234.8711908137795,2,2,44,5.728914212911236,19.398300213310925,282965.7694321846
1103.563583868828,4,2,34,3.1990594670781953,23.352637929652513,370183.603546845
1446.4848200227211,3,3,29,2.016488875700562,1.083556298302823,402681.816303467
982.378838790313,2,2,23,1.7846152104864805,25.909743877198256,201929.84111494347
1223.1753473264089,3,2,41,7.4716970261847,6.394667000164303,392298.49475363054
901.0610537055758,2,2,29,4.7810685506295245,17.010011574947956,199779.87717300683
2482.3625664581946,1,2,13,9.148238868500833,13.058127519936054,473892.32928083907
1517.6317759858644,3,3,5,7.657041706540873,21.869960681705383,503600.1338484168
1150.1372460037073,4,1,2,2.7213437612312803,11.763686828786513,422624.95022501994
1606.989955367111,4,1,15,6.5239967693412915,26.223132123769613,473373.78015212616
1443.8359751545852,5,2,6,4.919549089583434,22.184394467804918,547198.1485581407
1389.5152002333884,2,1,13,6.1952475769175175,19.783681960824723,311127.53520995576
1807.0833500217127,3,1,8,7.642622110046655,24.090977271322775,417987.031648046
1878.7538550236525,5,2,14,8.255762929034116,22.866668012923085,557100.2235306731
1234.7494261947363,3,2,20,8.593635937660519,2.0422215727250466,433651.4466340878
1212.09087967766,2,1,34,3.2857738711482227,12.447296261500016,129611.0489913767
1362.474151424178,4,3,1,1.2800403992562193,27.993411622178204,482042.45802881056
349.0394176322077,1,2,26,7.653652616482958,4.64600380077456,205256.39520113933
742.4044689007238,4,3,1,1.9570935363019712,22.375799962529484,348470.97085531644
2183.4371337222624,5,1,34,3.834276297516709,29.26316252872456,332108.8847759792
2322.4838567506417,1,2,17,1.0343542071191243,2.513760242304177,319409.2632306327
1375.4819802218108,5,3,13,7.135025341614581,20.783622538171702,527866.1298544403
1788.2784815278833,2,2,19,2.5041881032409914,14.576470097729882,278961.8780714106
1655.625077271768,1,1,17,6.897541687224924,17.796082405866944,263577.2083733331
3039.440404227619,5,3,9,9.925683554510549,3.4748987580454207,770022.5627601165
2059.787455717288,2,1,24,1.6540378444901465,2.247201604141245,281130.2886555556
1436.0412042596167,4,1,1,1.6937021075631462,20.33913315597673,405264.4221923499
1022.2297796997871,2,2,24,4.063420834000074,24.87597346480082,212859.13758297818
696.7768398712137,3,3,32,8.797478628262079,23.678444713056052,361691.8401740354
1601.7318179336116,2,1,35,2.9397688191219866,16.770366108120882,306501.6164126286
1121.8246273578484,2,1,30,4.243400379373128,3.896137812949167,240107.537485305
788.873145201163,3,3,13,1.6165486596428162,20.9532888712444,313981.11174150143
1176.7135578787368,5,1,0,7.868397621330004,8.014777623070232,522315.1118547834
959.2259981928025,5,1,45,4.6747570848350595,27.420992380254123,329022.8086924153
2343.5708175362824,2,3,15,7.833238597547585,25.309695426825442,483195.60819284106
1940.8198784747253,3,3,45,9.132470599121156,21.572106045534337,430928.22971626
1496.0136793416914,3,3,2,3.094868323911599,28.51653271910278,411058.4746016313
2239.972069445013,4,3,34,8.266564273059561,1.911232823826915,553921.0627745944
1538.684153823809,5,2,40,1.5318450107042794,22.3498123267621,461800.7866279184
1069.3578993358683,1,3,5,9.089626493622227,10.577040600755755,403260.30969266006
2261.5620386348287,5,2,24,6.856916928028726,27.27591068490459,491094.25230459194
1769.4550218423294,5,2,12,8.868040517245163,8.733580703197351,517374.6293288091
981.3769228367718,4,2,33,1.001695596009237,22.020838480135495,278619.294291712
1404.830660958196,1,1,7,2.5217296332039325,26.45176356987266,198091.9731520186
1062.1908733076214,4,2,20,4.507834486838428,2.20804773309779,382468.8609891444
808.600134517832,1,2,33,4.415526130372467,12.531779808169047,211119.19863181678
